path	freesound_id	url	status
hp/hdc/v01.wav	129896	https://freesound.org/s/129896/	present
hp/hdc/v02.wav	129895	https://freesound.org/s/129895/	present
hp/hdc/v03.wav	129894	https://freesound.org/s/129894/	present
hp/hdc/v04.wav	129893	https://freesound.org/s/129893/	present
hp/hdc/v05.wav	129900	https://freesound.org/s/129900/	present
hp/hdc/v06.wav	129899	https://freesound.org/s/129899/	present
hp/hdc/v07.wav	129898	https://freesound.org/s/129898/	present
hp/hdc/v08.wav	129897	https://freesound.org/s/129897/	present
hp/hdc/v09.wav	129902	https://freesound.org/s/129902/	present
hp/hdc/v10.wav	129901	https://freesound.org/s/129901/	present
hp/hdc/v11.wav	129884	https://freesound.org/s/129884/	present
hp/hdc/v12.wav	129883	https://freesound.org/s/129883/	present
hp/hdc/v13.wav	129882	https://freesound.org/s/129882/	present
hp/hdc/v14.wav	129881	https://freesound.org/s/129881/	present
hp/hdc/v15.wav	129888	https://freesound.org/s/129888/	present
hp/hdc/v16.wav	129887	https://freesound.org/s/129887/	present
hp/hde/v01.wav	129886	https://freesound.org/s/129886/	present
hp/hde/v02.wav	129885	https://freesound.org/s/129885/	present
hp/hde/v03.wav	129890	https://freesound.org/s/129890/	present
hp/hde/v04.wav	129889	https://freesound.org/s/129889/	present
hp/hde/v05.wav	129821	https://freesound.org/s/129821/	present
hp/hde/v06.wav	129822	https://freesound.org/s/129822/	present
hp/hde/v07.wav	129819	https://freesound.org/s/129819/	present
hp/hde/v08.wav	129820	https://freesound.org/s/129820/	present
hp/hde/v09.wav	129825	https://freesound.org/s/129825/	present
hp/hde/v10.wav	129826	https://freesound.org/s/129826/	present
hp/hde/v11.wav	129823	https://freesound.org/s/129823/	present
hp/hde/v12.wav	129824	https://freesound.org/s/129824/	present
hp/hde/v13.wav	129813	https://freesound.org/s/129813/	present
hp/hde/v14.wav	129814	https://freesound.org/s/129814/	present
hp/hde/v15.wav	129841	https://freesound.org/s/129841/	present
hp/hde/v16.wav	129840	https://freesound.org/s/129840/	present
hp/rs/v01.wav	129843	https://freesound.org/s/129843/	present
hp/rs/v02.wav	129842	https://freesound.org/s/129842/	present
hp/rs/v03.wav	129845	https://freesound.org/s/129845/	present
hp/rs/v04.wav	129844	https://freesound.org/s/129844/	present
hp/rs/v05.wav	129847	https://freesound.org/s/129847/	present
hp/rs/v06.wav	129846	https://freesound.org/s/129846/	present
hp/rs/v07.wav	129839	https://freesound.org/s/129839/	present
hp/rs/v08.wav	129838	https://freesound.org/s/129838/	present
hp/rs/v09.wav	129960	https://freesound.org/s/129960/	present
hp/rs/v10.wav	129961	https://freesound.org/s/129961/	present
hp/rs/v11.wav	129962	https://freesound.org/s/129962/	present
hp/rs/v12.wav	129963	https://freesound.org/s/129963/	present
hp/rs/v13.wav	129964	https://freesound.org/s/129964/	present
hp/rs/v14.wav	129965	https://freesound.org/s/129965/	present
hp/rs/v15.wav	129966	https://freesound.org/s/129966/	present
hp/rs/v16.wav	129967	https://freesound.org/s/129967/	present
lp/hd/v01.wav	129968	https://freesound.org/s/129968/	present
lp/hd/v02.wav	129969	https://freesound.org/s/129969/	present
lp/hd/v03.wav	129992	https://freesound.org/s/129992/	present
lp/hd/v04.wav	129991	https://freesound.org/s/129991/	present
lp/hd/v05.wav	129990	https://freesound.org/s/129990/	present
lp/hd/v06.wav	129989	https://freesound.org/s/129989/	present
lp/hd/v07.wav	129988	https://freesound.org/s/129988/	present
lp/hd/v08.wav	129987	https://freesound.org/s/129987/	present
lp/hd/v09.wav	129986	https://freesound.org/s/129986/	present
lp/hd/v10.wav	129985	https://freesound.org/s/129985/	present
lp/hd/v11.wav	129984	https://freesound.org/s/129984/	present
lp/hd/v12.wav	129983	https://freesound.org/s/129983/	present
lp/hd/v13.wav	129922	https://freesound.org/s/129922/	present
lp/hd/v14.wav	129923	https://freesound.org/s/129923/	present
lp/hd/v15.wav	129920	https://freesound.org/s/129920/	present
lp/hd/v16.wav	129921	https://freesound.org/s/129921/	present
lp/rs/v01.wav	129918	https://freesound.org/s/129918/	present
lp/rs/v02.wav	129919	https://freesound.org/s/129919/	present
lp/rs/v03.wav	129916	https://freesound.org/s/129916/	present
lp/rs/v04.wav	129917	https://freesound.org/s/129917/	present
lp/rs/v05.wav	129924	https://freesound.org/s/129924/	present
lp/rs/v06.wav	129925	https://freesound.org/s/129925/	present
lp/rs/v07.wav	129942	https://freesound.org/s/129942/	present
lp/rs/v08.wav	129941	https://freesound.org/s/129941/	present
lp/rs/v09.wav	129944	https://freesound.org/s/129944/	present
lp/rs/v10.wav	129943	https://freesound.org/s/129943/	present
lp/rs/v11.wav	129938	https://freesound.org/s/129938/	present
lp/rs/v12.wav	129937	https://freesound.org/s/129937/	present
lp/rs/v13.wav	129940	https://freesound.org/s/129940/	present
lp/rs/v14.wav	129939	https://freesound.org/s/129939/	present
lp/rs/v15.wav	129947	https://freesound.org/s/129947/	present
lp/rs/v16.wav	129946	https://freesound.org/s/129946/	present
mp/hd/v01.wav	129860	https://freesound.org/s/129860/	present
mp/hd/v02.wav	129861	https://freesound.org/s/129861/	present
mp/hd/v03.wav	129862	https://freesound.org/s/129862/	present
mp/hd/v04.wav	129863	https://freesound.org/s/129863/	present
mp/hd/v05.wav	129856	https://freesound.org/s/129856/	present
mp/hd/v06.wav	129857	https://freesound.org/s/129857/	present
mp/hd/v07.wav	129858	https://freesound.org/s/129858/	present
mp/hd/v08.wav	129859	https://freesound.org/s/129859/	present
mp/hd/v09.wav	129852	https://freesound.org/s/129852/	present
mp/hd/v10.wav	129853	https://freesound.org/s/129853/	present
mp/hd/v11.wav	129876	https://freesound.org/s/129876/	present
mp/hd/v12.wav	129875	https://freesound.org/s/129875/	present
mp/hd/v13.wav	129874	https://freesound.org/s/129874/	present
mp/hd/v14.wav	129873	https://freesound.org/s/129873/	present
mp/hd/v15.wav	129880	https://freesound.org/s/129880/	present
mp/hd/v16.wav	129879	https://freesound.org/s/129879/	present
mp/rm/v01.wav	129952	https://freesound.org/s/129952/	present
mp/rm/v02.wav	129951	https://freesound.org/s/129951/	present
mp/rm/v03.wav	129958	https://freesound.org/s/129958/	present
mp/rm/v04.wav	129957	https://freesound.org/s/129957/	present
mp/rm/v05.wav	129956	https://freesound.org/s/129956/	present
mp/rm/v06.wav	129955	https://freesound.org/s/129955/	present
mp/rm/v07.wav	129950	https://freesound.org/s/129950/	present
mp/rm/v08.wav	129949	https://freesound.org/s/129949/	present
mp/rm/v09.wav	129829	https://freesound.org/s/129829/	present
mp/rm/v10.wav	129830	https://freesound.org/s/129830/	present
mp/rm/v11.wav	129827	https://freesound.org/s/129827/	present
mp/rm/v12.wav	129828	https://freesound.org/s/129828/	present
mp/rm/v13.wav	129833	https://freesound.org/s/129833/	present
mp/rm/v14.wav	129834	https://freesound.org/s/129834/	present
mp/rm/v15.wav	129831	https://freesound.org/s/129831/	present
mp/rm/v16.wav	129832	https://freesound.org/s/129832/	present
mp/rs/v01.wav	129878	https://freesound.org/s/129878/	present
mp/rs/v02.wav	129877	https://freesound.org/s/129877/	present
mp/rs/v03.wav	129868	https://freesound.org/s/129868/	present
mp/rs/v04.wav	129867	https://freesound.org/s/129867/	present
mp/rs/v05.wav	129973	https://freesound.org/s/129973/	LOST-collision
mp/rs/v05.wav	129977	https://freesound.org/s/129977/	present
mp/rs/v06.wav	129974	https://freesound.org/s/129974/	LOST-collision
mp/rs/v06.wav	129978	https://freesound.org/s/129978/	present
mp/rs/v07.wav	129975	https://freesound.org/s/129975/	LOST-collision
mp/rs/v07.wav	129979	https://freesound.org/s/129979/	present
mp/rs/v08.wav	129976	https://freesound.org/s/129976/	LOST-collision
mp/rs/v08.wav	129980	https://freesound.org/s/129980/	present
mp/rs/v13.wav	129971	https://freesound.org/s/129971/	present
mp/rs/v14.wav	129972	https://freesound.org/s/129972/	present
mp/rs/v15.wav	129954	https://freesound.org/s/129954/	present
mp/rs/v16.wav	129953	https://freesound.org/s/129953/	present
vhp/hdc/v01.wav	129835	https://freesound.org/s/129835/	present
vhp/hdc/v02.wav	129836	https://freesound.org/s/129836/	present
vhp/hdc/v03.wav	129806	https://freesound.org/s/129806/	present
vhp/hdc/v04.wav	129805	https://freesound.org/s/129805/	present
vhp/hdc/v05.wav	129808	https://freesound.org/s/129808/	present
vhp/hdc/v06.wav	129807	https://freesound.org/s/129807/	present
vhp/hdc/v07.wav	129802	https://freesound.org/s/129802/	present
vhp/hdc/v08.wav	129801	https://freesound.org/s/129801/	present
vhp/hdc/v09.wav	129804	https://freesound.org/s/129804/	present
vhp/hdc/v10.wav	129803	https://freesound.org/s/129803/	present
vhp/hdc/v11.wav	129810	https://freesound.org/s/129810/	present
vhp/hdc/v12.wav	129809	https://freesound.org/s/129809/	present
vhp/hdc/v13.wav	129869	https://freesound.org/s/129869/	present
vhp/hdc/v14.wav	129870	https://freesound.org/s/129870/	present
vhp/hdc/v15.wav	129871	https://freesound.org/s/129871/	present
vhp/hdc/v16.wav	129872	https://freesound.org/s/129872/	present
vhp/hde/v01.wav	129865	https://freesound.org/s/129865/	present
vhp/hde/v02.wav	129866	https://freesound.org/s/129866/	present
vhp/hde/v03.wav	129891	https://freesound.org/s/129891/	present
vhp/hde/v04.wav	129892	https://freesound.org/s/129892/	present
vhp/hde/v05.wav	129913	https://freesound.org/s/129913/	present
vhp/hde/v06.wav	129915	https://freesound.org/s/129915/	present
vhp/hde/v07.wav	129855	https://freesound.org/s/129855/	present
vhp/hde/v08.wav	129854	https://freesound.org/s/129854/	present
vhp/hde/v09.wav	129948	https://freesound.org/s/129948/	present
vhp/hde/v10.wav	129945	https://freesound.org/s/129945/	present
vhp/hde/v11.wav	129851	https://freesound.org/s/129851/	present
vhp/hde/v12.wav	129850	https://freesound.org/s/129850/	present
vhp/hde/v13.wav	129849	https://freesound.org/s/129849/	present
vhp/hde/v14.wav	129848	https://freesound.org/s/129848/	present
vhp/hde/v15.wav	129970	https://freesound.org/s/129970/	present
vhp/hde/v16.wav	129864	https://freesound.org/s/129864/	present
vhp/rm/v01.wav	129910	https://freesound.org/s/129910/	present
vhp/rm/v02.wav	129909	https://freesound.org/s/129909/	present
vhp/rm/v03.wav	129912	https://freesound.org/s/129912/	present
vhp/rm/v04.wav	129911	https://freesound.org/s/129911/	present
vhp/rm/v05.wav	129811	https://freesound.org/s/129811/	present
vhp/rm/v06.wav	129812	https://freesound.org/s/129812/	present
vhp/rm/v07.wav	129914	https://freesound.org/s/129914/	present
vhp/rm/v08.wav	129959	https://freesound.org/s/129959/	present
vhp/rm/v09.wav	129815	https://freesound.org/s/129815/	present
vhp/rm/v10.wav	129816	https://freesound.org/s/129816/	present
vhp/rm/v11.wav	129817	https://freesound.org/s/129817/	present
vhp/rm/v12.wav	129818	https://freesound.org/s/129818/	present
vhp/rm/v13.wav	129926	https://freesound.org/s/129926/	present
vhp/rm/v14.wav	129837	https://freesound.org/s/129837/	present
vhp/rm/v15.wav	129982	https://freesound.org/s/129982/	present
vhp/rm/v16.wav	129981	https://freesound.org/s/129981/	present
vhp/rs/v01.wav	129935	https://freesound.org/s/129935/	present
vhp/rs/v02.wav	129936	https://freesound.org/s/129936/	present
vhp/rs/v03.wav	129933	https://freesound.org/s/129933/	present
vhp/rs/v04.wav	129934	https://freesound.org/s/129934/	present
vhp/rs/v05.wav	129931	https://freesound.org/s/129931/	present
vhp/rs/v06.wav	129932	https://freesound.org/s/129932/	present
vhp/rs/v07.wav	129929	https://freesound.org/s/129929/	present
vhp/rs/v08.wav	129930	https://freesound.org/s/129930/	present
vhp/rs/v09.wav	129927	https://freesound.org/s/129927/	present
vhp/rs/v10.wav	129928	https://freesound.org/s/129928/	present
vhp/rs/v11.wav	129904	https://freesound.org/s/129904/	present
vhp/rs/v12.wav	129903	https://freesound.org/s/129903/	present
vhp/rs/v13.wav	129906	https://freesound.org/s/129906/	present
vhp/rs/v14.wav	129905	https://freesound.org/s/129905/	present
vhp/rs/v15.wav	129908	https://freesound.org/s/129908/	present
vhp/rs/v16.wav	129907	https://freesound.org/s/129907/	present
